{
	"format_version": "1.21.6",
	"credit": "Made with Blockbench",
	"texture_size": [32, 32],
	"textures": {
		"particle": "items/laser_smg",
		"model": "items/laser_smg"
	},
	"elements": [
		{
			"name": "part1",
			"from": [6.9999, -0.0001, 10.9999],
			"to": [9.0001, 2.0001, 13.0001],
			"rotation": {"angle": 0, "axis": "y", "origin": [7, 0, 11]},
			"faces": {
				"north": {"uv": [5, 2.5, 6, 3.5], "texture": "#model"},
				"east": {"uv": [5, 4.5, 6, 5.5], "texture": "#model"},
				"south": {"uv": [0, 5.5, 1, 6.5], "texture": "#model"},
				"west": {"uv": [1, 5.5, 2, 6.5], "texture": "#model"},
				"up": {"uv": [4, 6.5, 3, 5.5], "texture": "#model"},
				"down": {"uv": [6, 5.5, 5, 6.5], "texture": "#model"}
			}
		},
		{
			"name": "part2",
			"from": [7, 2, 11],
			"to": [9, 4, 13],
			"rotation": {"angle": 22.5, "axis": "x", "origin": [7, 2, 11]},
			"faces": {
				"north": {"uv": [2, 6, 3, 7], "texture": "#model"},
				"east": {"uv": [6, 2.5, 7, 3.5], "texture": "#model"},
				"south": {"uv": [6, 4.5, 7, 5.5], "texture": "#model"},
				"west": {"uv": [6, 5.5, 7, 6.5], "texture": "#model"},
				"up": {"uv": [1, 7.5, 0, 6.5], "texture": "#model"},
				"down": {"uv": [2, 6.5, 1, 7.5], "texture": "#model"}
			}
		},
		{
			"name": "part3",
			"from": [6.9999, 3.08229, 11.61303],
			"to": [9.0001, 5.08249, 13.61323],
			"rotation": {"angle": 0, "axis": "y", "origin": [7, 3.08239, 11.61313]},
			"faces": {
				"north": {"uv": [3, 6.5, 4, 7.5], "texture": "#model"},
				"east": {"uv": [6.5, 3.5, 7.5, 4.5], "texture": "#model"},
				"south": {"uv": [5, 6.5, 6, 7.5], "texture": "#model"},
				"west": {"uv": [6, 6.5, 7, 7.5], "texture": "#model"},
				"up": {"uv": [8, 1, 7, 0], "texture": "#model"},
				"down": {"uv": [8, 1, 7, 2], "texture": "#model"}
			}
		},
		{
			"name": "part4",
			"from": [7, 3.66818, 12.19891],
			"to": [9, 5.66818, 14.19891],
			"rotation": {"angle": -45, "axis": "x", "origin": [7, 3.66818, 12.19891]},
			"faces": {
				"north": {"uv": [2, 7, 3, 8], "texture": "#model"},
				"east": {"uv": [7, 2, 8, 3], "texture": "#model"},
				"south": {"uv": [4, 7, 5, 8], "texture": "#model"},
				"west": {"uv": [7, 4.5, 8, 5.5], "texture": "#model"},
				"up": {"uv": [8, 6.5, 7, 5.5], "texture": "#model"},
				"down": {"uv": [8, 6.5, 7, 7.5], "texture": "#model"}
			}
		},
		{
			"name": "part5",
			"from": [8, 1, 12],
			"to": [8, 6, 13],
			"rotation": {"angle": -37.5, "axis": "x", "origin": [7, 1, 11]},
			"faces": {
				"north": {"uv": [0, 0, 0, 2.5], "texture": "#model"},
				"east": {"uv": [4, 4.5, 4.5, 7], "texture": "#model"},
				"south": {"uv": [0, 0, 0, 2.5], "texture": "#model"},
				"west": {"uv": [4.5, 4.5, 5, 7], "texture": "#model"},
				"up": {"uv": [0, 0.5, 0, 0], "texture": "#model"},
				"down": {"uv": [0, 0, 0, 0.5], "texture": "#model"}
			}
		},
		{
			"name": "part6",
			"from": [8, 4.25, 10],
			"to": [8, 5.25, 13],
			"rotation": {"angle": 0, "axis": "y", "origin": [7, 3.25, 11]},
			"faces": {
				"north": {"uv": [0, 0, 0, 0.5], "texture": "#model"},
				"east": {"uv": [6, 7.5, 7.5, 8], "texture": "#model"},
				"south": {"uv": [0, 0, 0, 0.5], "texture": "#model"},
				"west": {"uv": [7.5, 7.5, 9, 8], "texture": "#model"},
				"up": {"uv": [0, 1.5, 0, 0], "texture": "#model"},
				"down": {"uv": [0, 0, 0, 1.5], "texture": "#model"}
			}
		},
		{
			"name": "core1",
			"from": [6.999, 4.999, 10.999],
			"to": [9.001, 8.001, 15.001],
			"rotation": {"angle": 0, "axis": "y", "origin": [7, 5, 8]},
			"faces": {
				"north": {"uv": [4, 2, 5, 3.5], "texture": "#model"},
				"east": {"uv": [0, 0, 2, 1.5], "texture": "#model"},
				"south": {"uv": [3, 4, 4, 5.5], "texture": "#model"},
				"west": {"uv": [0, 1.5, 2, 3], "texture": "#model"},
				"up": {"uv": [3, 2, 2, 0], "texture": "#model"},
				"down": {"uv": [3, 2, 2, 4], "texture": "#model"}
			}
		},
		{
			"name": "core2",
			"from": [8, 6, 5],
			"to": [8, 7, 7],
			"rotation": {"angle": 0, "axis": "y", "origin": [5, 5, -2]},
			"faces": {
				"north": {"uv": [0, 0, 0, 0.5], "texture": "#model"},
				"east": {"uv": [0, 8, 1, 8.5], "texture": "#model"},
				"south": {"uv": [0, 0, 0, 0.5], "texture": "#model"},
				"west": {"uv": [8, 0, 9, 0.5], "texture": "#model"},
				"up": {"uv": [0, 1, 0, 0], "texture": "#model"},
				"down": {"uv": [0, 0, 0, 1], "texture": "#model"}
			}
		},
		{
			"name": "core3",
			"from": [8.5, 6, 6],
			"to": [8.5, 7, 7],
			"rotation": {"angle": 0, "axis": "y", "origin": [5.5, 5, -2]},
			"faces": {
				"north": {"uv": [0, 0, 0, 0.5], "texture": "#model"},
				"east": {"uv": [6.5, 9, 7, 9.5], "texture": "#model"},
				"south": {"uv": [0, 0, 0, 0.5], "texture": "#model"},
				"west": {"uv": [7, 9, 7.5, 9.5], "texture": "#model"},
				"up": {"uv": [0, 0.5, 0, 0], "texture": "#model"},
				"down": {"uv": [0, 0, 0, 0.5], "texture": "#model"}
			}
		},
		{
			"name": "core4",
			"from": [7.5, 6, 6],
			"to": [7.5, 7, 7],
			"rotation": {"angle": 0, "axis": "y", "origin": [4.5, 5, -2]},
			"faces": {
				"north": {"uv": [0, 0, 0, 0.5], "texture": "#model"},
				"east": {"uv": [7.5, 9, 8, 9.5], "texture": "#model"},
				"south": {"uv": [0, 0, 0, 0.5], "texture": "#model"},
				"west": {"uv": [9, 7.5, 9.5, 8], "texture": "#model"},
				"up": {"uv": [0, 0.5, 0, 0], "texture": "#model"},
				"down": {"uv": [0, 0, 0, 0.5], "texture": "#model"}
			}
		},
		{
			"name": "core3",
			"from": [6.999, 4.64164, 7.91997],
			"to": [8.999, 5.64164, 11.66997],
			"rotation": {"angle": -17.5, "axis": "x", "origin": [6.999, 4.64164, 3.66997]},
			"faces": {
				"north": {"uv": [8, 0.5, 9, 1], "texture": "#model"},
				"east": {"uv": [0, 5, 2, 5.5], "texture": "#model"},
				"south": {"uv": [1, 8, 2, 8.5], "texture": "#model"},
				"west": {"uv": [5, 0, 7, 0.5], "texture": "#model"},
				"up": {"uv": [1, 5, 0, 3], "texture": "#model"},
				"down": {"uv": [4, 0, 3, 2], "texture": "#model"}
			}
		},
		{
			"name": "core4",
			"from": [6.999, 6.81073, 7.48752],
			"to": [8.999, 7.81073, 11.23752],
			"rotation": {"angle": 15, "axis": "x", "origin": [6.999, 6.81073, 4.23752]},
			"faces": {
				"north": {"uv": [8, 1, 9, 1.5], "texture": "#model"},
				"east": {"uv": [5, 0.5, 7, 1], "texture": "#model"},
				"south": {"uv": [8, 1.5, 9, 2], "texture": "#model"},
				"west": {"uv": [5, 1, 7, 1.5], "texture": "#model"},
				"up": {"uv": [2, 5, 1, 3], "texture": "#model"},
				"down": {"uv": [4, 2, 3, 4], "texture": "#model"}
			}
		},
		{
			"name": "core4",
			"from": [6.9999, 5.9999, 6.9999],
			"to": [9.0001, 7.0001, 11.0001],
			"rotation": {"angle": 0, "axis": "y", "origin": [7, 5, 0]},
			"faces": {
				"north": {"uv": [2, 8, 3, 8.5], "texture": "#model"},
				"east": {"uv": [5, 1.5, 7, 2], "texture": "#model"},
				"south": {"uv": [8, 2, 9, 2.5], "texture": "#model"},
				"west": {"uv": [5, 2, 7, 2.5], "texture": "#model"},
				"up": {"uv": [5, 2, 4, 0], "texture": "#model"},
				"down": {"uv": [3, 4, 2, 6], "texture": "#model"}
			}
		},
		{
			"name": "core5",
			"from": [7.29189, 6.79189, 14.999],
			"to": [9.29389, 7.79389, 16.001],
			"rotation": {"angle": -45, "axis": "z", "origin": [8, 6.5, 15]},
			"faces": {
				"north": {"uv": [8, 2.5, 9, 3], "texture": "#model"},
				"east": {"uv": [8, 9, 8.5, 9.5], "texture": "#model"},
				"south": {"uv": [4, 8, 5, 8.5], "texture": "#model"},
				"west": {"uv": [9, 8, 9.5, 8.5], "texture": "#model"},
				"up": {"uv": [9, 5, 8, 4.5], "texture": "#model"},
				"down": {"uv": [9, 5, 8, 5.5], "texture": "#model"}
			}
		},
		{
			"name": "core6",
			"from": [6.70711, 5.79289, 15],
			"to": [7.70711, 7.79289, 16],
			"rotation": {"angle": -45, "axis": "z", "origin": [8, 6.5, 15]},
			"faces": {
				"north": {"uv": [8, 5.5, 8.5, 6.5], "texture": "#model"},
				"east": {"uv": [6, 8, 6.5, 9], "texture": "#model"},
				"south": {"uv": [6.5, 8, 7, 9], "texture": "#model"},
				"west": {"uv": [8, 6.5, 8.5, 7.5], "texture": "#model"},
				"up": {"uv": [9, 9.5, 8.5, 9], "texture": "#model"},
				"down": {"uv": [9.5, 8.5, 9, 9], "texture": "#model"}
			}
		},
		{
			"name": "core7",
			"from": [6.70611, 5.79189, 14.999],
			"to": [7.70811, 7.79389, 16.001],
			"rotation": {"angle": 45, "axis": "z", "origin": [8, 6.5, 15]},
			"faces": {
				"north": {"uv": [7, 8, 7.5, 9], "texture": "#model"},
				"east": {"uv": [7.5, 8, 8, 9], "texture": "#model"},
				"south": {"uv": [8, 8, 8.5, 9], "texture": "#model"},
				"west": {"uv": [0, 8.5, 0.5, 9.5], "texture": "#model"},
				"up": {"uv": [9.5, 9.5, 9, 9], "texture": "#model"},
				"down": {"uv": [0.5, 9.5, 0, 10], "texture": "#model"}
			}
		},
		{
			"name": "core8",
			"from": [6.70711, 5.20711, 15],
			"to": [8.70711, 6.20711, 16],
			"rotation": {"angle": 45, "axis": "z", "origin": [8, 6.5, 15]},
			"faces": {
				"north": {"uv": [0.5, 8.5, 1.5, 9], "texture": "#model"},
				"east": {"uv": [9.5, 0.5, 10, 1], "texture": "#model"},
				"south": {"uv": [1.5, 8.5, 2.5, 9], "texture": "#model"},
				"west": {"uv": [1, 9.5, 1.5, 10], "texture": "#model"},
				"up": {"uv": [5, 9, 4, 8.5], "texture": "#model"},
				"down": {"uv": [9.5, 5.5, 8.5, 6], "texture": "#model"}
			}
		},
		{
			"name": "core9",
			"from": [5.5, 5.5, 13],
			"to": [10.5, 6.5, 13],
			"rotation": {"angle": 0, "axis": "y", "origin": [7.5, 4.5, 10]},
			"faces": {
				"north": {"uv": [4, 3.5, 6.5, 4], "texture": "#model"},
				"east": {"uv": [0, 0, 0, 0.5], "texture": "#model"},
				"south": {"uv": [4, 4, 6.5, 4.5], "texture": "#model"},
				"west": {"uv": [0, 0, 0, 0.5], "texture": "#model"},
				"up": {"uv": [2.5, 0, 0, 0], "texture": "#model"},
				"down": {"uv": [2.5, 0, 0, 0], "texture": "#model"}
			}
		},
		{
			"name": "frame2",
			"from": [4.9999, 5.4999, 8.9999],
			"to": [6.0001, 6.5001, 13.0001],
			"rotation": {"angle": 0, "axis": "y", "origin": [5, 4.5, 13]},
			"faces": {
				"north": {"uv": [9.5, 1, 10, 1.5], "texture": "#model"},
				"east": {"uv": [7, 3, 9, 3.5], "texture": "#model"},
				"south": {"uv": [1.5, 9.5, 2, 10], "texture": "#model"},
				"west": {"uv": [0, 7.5, 2, 8], "texture": "#model"},
				"up": {"uv": [3.5, 9.5, 3, 7.5], "texture": "#model"},
				"down": {"uv": [4, 7.5, 3.5, 9.5], "texture": "#model"}
			}
		},
		{
			"name": "frame5",
			"from": [10.07612, 5.5, 7.38268],
			"to": [11.07612, 6.5, 9.38268],
			"rotation": {"angle": 22.5, "axis": "y", "origin": [10.07612, 4.5, 9.38268]},
			"faces": {
				"north": {"uv": [9.5, 2, 10, 2.5], "texture": "#model"},
				"east": {"uv": [8.5, 6, 9.5, 6.5], "texture": "#model"},
				"south": {"uv": [2.5, 9.5, 3, 10], "texture": "#model"},
				"west": {"uv": [8.5, 6.5, 9.5, 7], "texture": "#model"},
				"up": {"uv": [3, 9.5, 2.5, 8.5], "texture": "#model"},
				"down": {"uv": [9, 8, 8.5, 9], "texture": "#model"}
			}
		},
		{
			"name": "frame3",
			"from": [9.9999, 5.4999, 8.9999],
			"to": [11.0001, 6.5001, 13.0001],
			"rotation": {"angle": 0, "axis": "y", "origin": [10, 4.5, 13]},
			"faces": {
				"north": {"uv": [9.5, 2.5, 10, 3], "texture": "#model"},
				"east": {"uv": [7.5, 3.5, 9.5, 4], "texture": "#model"},
				"south": {"uv": [3, 9.5, 3.5, 10], "texture": "#model"},
				"west": {"uv": [7.5, 4, 9.5, 4.5], "texture": "#model"},
				"up": {"uv": [5.5, 9.5, 5, 7.5], "texture": "#model"},
				"down": {"uv": [6, 7.5, 5.5, 9.5], "texture": "#model"}
			}
		},
		{
			"name": "frame8",
			"from": [5, 5.5, 7],
			"to": [6, 6.5, 9],
			"rotation": {"angle": -22.5, "axis": "y", "origin": [5, 4.5, 9]},
			"faces": {
				"north": {"uv": [3.5, 9.5, 4, 10], "texture": "#model"},
				"east": {"uv": [8.5, 7, 9.5, 7.5], "texture": "#model"},
				"south": {"uv": [9.5, 3.5, 10, 4], "texture": "#model"},
				"west": {"uv": [9, 0, 10, 0.5], "texture": "#model"},
				"up": {"uv": [1, 10, 0.5, 9], "texture": "#model"},
				"down": {"uv": [9.5, 0.5, 9, 1.5], "texture": "#model"}
			}
		},
		{
			"name": "frame9",
			"from": [5.76537, 5.5, 12.84776],
			"to": [6.76537, 6.5, 14.84776],
			"rotation": {"angle": 22.5, "axis": "y", "origin": [5.76537, 4.5, 14.84776]},
			"faces": {
				"north": {"uv": [4, 9.5, 4.5, 10], "texture": "#model"},
				"east": {"uv": [1, 9, 2, 9.5], "texture": "#model"},
				"south": {"uv": [9.5, 4, 10, 4.5], "texture": "#model"},
				"west": {"uv": [9, 1.5, 10, 2], "texture": "#model"},
				"up": {"uv": [2.5, 10, 2, 9], "texture": "#model"},
				"down": {"uv": [9.5, 2, 9, 3], "texture": "#model"}
			}
		},
		{
			"name": "frame12",
			"from": [9.31085, 5.4999, 12.46518],
			"to": [10.31085, 6.4999, 14.46518],
			"rotation": {"angle": -22.5, "axis": "y", "origin": [9.31085, 4.4999, 14.46518]},
			"faces": {
				"north": {"uv": [4.5, 9.5, 5, 10], "texture": "#model"},
				"east": {"uv": [9, 3, 10, 3.5], "texture": "#model"},
				"south": {"uv": [9.5, 4.5, 10, 5], "texture": "#model"},
				"west": {"uv": [4, 9, 5, 9.5], "texture": "#model"},
				"up": {"uv": [9.5, 5.5, 9, 4.5], "texture": "#model"},
				"down": {"uv": [6.5, 9, 6, 10], "texture": "#model"}
			}
		}
	],
	"display": {
		"thirdperson_righthand": {
			"translation": [0.25, 4.75, -2.25]
		},
		"thirdperson_lefthand": {
			"translation": [0.25, 4.75, -2.25]
		},
		"firstperson_righthand": {
			"translation": [7, 4, 0]
		},
		"firstperson_lefthand": {
			"translation": [7, 4, 0]
		},
		"gui": {
			"rotation": [30, 125, 0],
			"translation": [-0.5, 2, 0]
		}
	},
	"groups": [
		{
			"name": "handle",
			"origin": [8, 8, 8],
			"color": 0,
			"children": [0, 1, 2, 3, 4, 5]
		},
		{
			"name": "body",
			"origin": [8, 8, 8],
			"color": 0,
			"children": [6, 7, 8, 9, 10, 11, 12, 13, 14, 15, 16, 17]
		},
		{
			"name": "detail",
			"origin": [5, 6.5, 13],
			"color": 0,
			"children": [18, 19, 20, 21, 22, 23]
		}
	]
}