{
	"format_version": "1.21.6",
	"credit": "Made with Blockbench",
	"texture_size": [32, 32],
	"textures": {
		"0": "custom:item/laser_pistol",
		"particle": "custom:item/laser_pistol"
	},
	"elements": [
		{
			"name": "part1",
			"from": [6.9999, -0.0001, 10.9999],
			"to": [9.0001, 2.0001, 13.0001],
			"rotation": {"angle": 0, "axis": "y", "origin": [7, 0, 11]},
			"faces": {
				"north": {"uv": [5.5, 1.5, 6.5, 2.5], "texture": "#0"},
				"east": {"uv": [5, 5.5, 6, 6.5], "texture": "#0"},
				"south": {"uv": [4, 6, 5, 7], "texture": "#0"},
				"west": {"uv": [6, 5.5, 7, 6.5], "texture": "#0"},
				"up": {"uv": [1, 7.5, 0, 6.5], "texture": "#0"},
				"down": {"uv": [2, 6.5, 1, 7.5], "texture": "#0"}
			}
		},
		{
			"name": "part2",
			"from": [7, 2, 11],
			"to": [9, 4, 13],
			"rotation": {"angle": 22.5, "axis": "x", "origin": [7, 2, 11]},
			"faces": {
				"north": {"uv": [6.5, 1.5, 7.5, 2.5], "texture": "#0"},
				"east": {"uv": [5, 6.5, 6, 7.5], "texture": "#0"},
				"south": {"uv": [6, 6.5, 7, 7.5], "texture": "#0"},
				"west": {"uv": [4, 7, 5, 8], "texture": "#0"},
				"up": {"uv": [8, 6.5, 7, 5.5], "texture": "#0"},
				"down": {"uv": [8, 6.5, 7, 7.5], "texture": "#0"}
			}
		},
		{
			"name": "part3",
			"from": [6.9999, 3.08229, 11.61303],
			"to": [9.0001, 5.08249, 13.61323],
			"rotation": {"angle": 0, "axis": "y", "origin": [7, 3.08239, 11.61313]},
			"faces": {
				"north": {"uv": [0, 7.5, 1, 8.5], "texture": "#0"},
				"east": {"uv": [1, 7.5, 2, 8.5], "texture": "#0"},
				"south": {"uv": [7.5, 1.5, 8.5, 2.5], "texture": "#0"},
				"west": {"uv": [5, 7.5, 6, 8.5], "texture": "#0"},
				"up": {"uv": [7, 8.5, 6, 7.5], "texture": "#0"},
				"down": {"uv": [8, 7.5, 7, 8.5], "texture": "#0"}
			}
		},
		{
			"name": "part4",
			"from": [7, 3.66818, 12.19891],
			"to": [9, 5.66818, 14.19891],
			"rotation": {"angle": -45, "axis": "x", "origin": [7, 3.66818, 12.19891]},
			"faces": {
				"north": {"uv": [8, 0, 9, 1], "texture": "#0"},
				"east": {"uv": [2, 8, 3, 9], "texture": "#0"},
				"south": {"uv": [8, 2.5, 9, 3.5], "texture": "#0"},
				"west": {"uv": [3, 8, 4, 9], "texture": "#0"},
				"up": {"uv": [9, 4.5, 8, 3.5], "texture": "#0"},
				"down": {"uv": [5, 8, 4, 9], "texture": "#0"}
			}
		},
		{
			"name": "part5",
			"from": [8, 2, 6],
			"to": [8, 3, 11],
			"rotation": {"angle": 42.5, "axis": "x", "origin": [7, 1, 11]},
			"faces": {
				"north": {"uv": [0, 0, 0, 0.5], "texture": "#0"},
				"east": {"uv": [5, 5, 7.5, 5.5], "texture": "#0"},
				"south": {"uv": [0, 0, 0, 0.5], "texture": "#0"},
				"west": {"uv": [5.5, 0, 8, 0.5], "texture": "#0"},
				"up": {"uv": [0, 2.5, 0, 0], "texture": "#0"},
				"down": {"uv": [0, 0, 0, 2.5], "texture": "#0"}
			}
		},
		{
			"name": "part6",
			"from": [8, 4.25, 9],
			"to": [8, 5.25, 13],
			"rotation": {"angle": 0, "axis": "y", "origin": [7, 3.25, 11]},
			"faces": {
				"north": {"uv": [0, 0, 0, 0.5], "texture": "#0"},
				"east": {"uv": [5.5, 2.5, 7.5, 3], "texture": "#0"},
				"south": {"uv": [0, 0, 0, 0.5], "texture": "#0"},
				"west": {"uv": [7.5, 5, 9.5, 5.5], "texture": "#0"},
				"up": {"uv": [0, 2, 0, 0], "texture": "#0"},
				"down": {"uv": [0, 0, 0, 2], "texture": "#0"}
			}
		},
		{
			"name": "core1",
			"from": [6.999, 4.999, 7.999],
			"to": [9.001, 8.001, 15.001],
			"rotation": {"angle": 0, "axis": "y", "origin": [7, 5, 8]},
			"faces": {
				"north": {"uv": [3.5, 0, 4.5, 1.5], "texture": "#0"},
				"east": {"uv": [0, 0, 3.5, 1.5], "texture": "#0"},
				"south": {"uv": [3.5, 1.5, 4.5, 3], "texture": "#0"},
				"west": {"uv": [0, 1.5, 3.5, 3], "texture": "#0"},
				"up": {"uv": [1, 6.5, 0, 3], "texture": "#0"},
				"down": {"uv": [2, 3, 1, 6.5], "texture": "#0"}
			}
		},
		{
			"name": "core2",
			"from": [8, 6, 2],
			"to": [8, 7, 4],
			"rotation": {"angle": 0, "axis": "y", "origin": [5, 5, -5]},
			"faces": {
				"north": {"uv": [0, 0, 0, 0.5], "texture": "#0"},
				"east": {"uv": [8, 7.5, 9, 8], "texture": "#0"},
				"south": {"uv": [0, 0, 0, 0.5], "texture": "#0"},
				"west": {"uv": [8, 8, 9, 8.5], "texture": "#0"},
				"up": {"uv": [0, 1, 0, 0], "texture": "#0"},
				"down": {"uv": [0, 0, 0, 1], "texture": "#0"}
			}
		},
		{
			"name": "core3",
			"from": [7, 4.39734, 6.16553],
			"to": [9, 5.39734, 8.91553],
			"rotation": {"angle": -22.5, "axis": "x", "origin": [7, 4.39734, 1.91553]},
			"faces": {
				"north": {"uv": [0, 8.5, 1, 9], "texture": "#0"},
				"east": {"uv": [8, 5.5, 9.5, 6], "texture": "#0"},
				"south": {"uv": [1, 8.5, 2, 9], "texture": "#0"},
				"west": {"uv": [8, 6, 9.5, 6.5], "texture": "#0"},
				"up": {"uv": [5, 4.5, 4, 3], "texture": "#0"},
				"down": {"uv": [5.5, 0, 4.5, 1.5], "texture": "#0"}
			}
		},
		{
			"name": "core4",
			"from": [6.999, 7.67778, 5.78184],
			"to": [8.999, 8.67778, 8.53184],
			"rotation": {"angle": 22.5, "axis": "x", "origin": [6.999, 7.67778, 1.53184]},
			"faces": {
				"north": {"uv": [8.5, 1.5, 9.5, 2], "texture": "#0"},
				"east": {"uv": [8, 6.5, 9.5, 7], "texture": "#0"},
				"south": {"uv": [8.5, 2, 9.5, 2.5], "texture": "#0"},
				"west": {"uv": [8, 7, 9.5, 7.5], "texture": "#0"},
				"up": {"uv": [5.5, 3, 4.5, 1.5], "texture": "#0"},
				"down": {"uv": [5, 4.5, 4, 6], "texture": "#0"}
			}
		},
		{
			"name": "core4",
			"from": [6.9999, 5.9999, 3.9999],
			"to": [9.0001, 7.0001, 8.0001],
			"rotation": {"angle": 0, "axis": "y", "origin": [7, 5, -2]},
			"faces": {
				"north": {"uv": [5, 8.5, 6, 9], "texture": "#0"},
				"east": {"uv": [8, 1, 10, 1.5], "texture": "#0"},
				"south": {"uv": [6, 8.5, 7, 9], "texture": "#0"},
				"west": {"uv": [8, 4.5, 10, 5], "texture": "#0"},
				"up": {"uv": [3, 5, 2, 3], "texture": "#0"},
				"down": {"uv": [4, 3, 3, 5], "texture": "#0"}
			}
		},
		{
			"name": "core5",
			"from": [7.29189, 6.79189, 14.999],
			"to": [9.29389, 7.79389, 16.001],
			"rotation": {"angle": -45, "axis": "z", "origin": [8, 6.5, 15]},
			"faces": {
				"north": {"uv": [7, 8.5, 8, 9], "texture": "#0"},
				"east": {"uv": [7.5, 2.5, 8, 3], "texture": "#0"},
				"south": {"uv": [8, 8.5, 9, 9], "texture": "#0"},
				"west": {"uv": [7, 9.5, 7.5, 10], "texture": "#0"},
				"up": {"uv": [1, 9.5, 0, 9], "texture": "#0"},
				"down": {"uv": [10, 0, 9, 0.5], "texture": "#0"}
			}
		},
		{
			"name": "core6",
			"from": [6.70711, 5.79289, 15],
			"to": [7.70711, 7.79289, 16],
			"rotation": {"angle": -45, "axis": "z", "origin": [8, 6.5, 15]},
			"faces": {
				"north": {"uv": [1, 9, 1.5, 10], "texture": "#0"},
				"east": {"uv": [1.5, 9, 2, 10], "texture": "#0"},
				"south": {"uv": [2, 9, 2.5, 10], "texture": "#0"},
				"west": {"uv": [2.5, 9, 3, 10], "texture": "#0"},
				"up": {"uv": [10, 7.5, 9.5, 7], "texture": "#0"},
				"down": {"uv": [8, 9.5, 7.5, 10], "texture": "#0"}
			}
		},
		{
			"name": "core7",
			"from": [6.70611, 5.79189, 14.999],
			"to": [7.70811, 7.79389, 16.001],
			"rotation": {"angle": 45, "axis": "z", "origin": [8, 6.5, 15]},
			"faces": {
				"north": {"uv": [9, 2.5, 9.5, 3.5], "texture": "#0"},
				"east": {"uv": [3, 9, 3.5, 10], "texture": "#0"},
				"south": {"uv": [3.5, 9, 4, 10], "texture": "#0"},
				"west": {"uv": [9, 3.5, 9.5, 4.5], "texture": "#0"},
				"up": {"uv": [10, 8.5, 9.5, 8], "texture": "#0"},
				"down": {"uv": [9, 9.5, 8.5, 10], "texture": "#0"}
			}
		},
		{
			"name": "core8",
			"from": [6.70711, 5.20711, 15],
			"to": [8.70711, 6.20711, 16],
			"rotation": {"angle": 45, "axis": "z", "origin": [8, 6.5, 15]},
			"faces": {
				"north": {"uv": [9, 0.5, 10, 1], "texture": "#0"},
				"east": {"uv": [9.5, 8.5, 10, 9], "texture": "#0"},
				"south": {"uv": [4, 9, 5, 9.5], "texture": "#0"},
				"west": {"uv": [9, 9.5, 9.5, 10], "texture": "#0"},
				"up": {"uv": [6, 9.5, 5, 9], "texture": "#0"},
				"down": {"uv": [7, 9, 6, 9.5], "texture": "#0"}
			}
		},
		{
			"name": "core9",
			"from": [5.5, 6.5, 13],
			"to": [10.5, 7.5, 13],
			"rotation": {"angle": 0, "axis": "y", "origin": [7.5, 5.5, 10]},
			"faces": {
				"north": {"uv": [5.5, 0.5, 8, 1], "texture": "#0"},
				"east": {"uv": [0, 0, 0, 0.5], "texture": "#0"},
				"south": {"uv": [5.5, 1, 8, 1.5], "texture": "#0"},
				"west": {"uv": [0, 0, 0, 0.5], "texture": "#0"},
				"up": {"uv": [2.5, 0, 0, 0], "texture": "#0"},
				"down": {"uv": [2.5, 0, 0, 0], "texture": "#0"}
			}
		},
		{
			"name": "frame2",
			"from": [4.9999, 6.4999, 6.9999],
			"to": [6.0001, 7.5001, 13.0001],
			"rotation": {"angle": 0, "axis": "y", "origin": [6, 5.5, 7]},
			"faces": {
				"north": {"uv": [9.5, 9.5, 10, 10], "texture": "#0"},
				"east": {"uv": [5, 3.5, 8, 4], "texture": "#0"},
				"south": {"uv": [9.5, 9, 10, 9.5], "texture": "#0"},
				"west": {"uv": [5, 3, 8, 3.5], "texture": "#0"},
				"up": {"uv": [2.5, 8, 2, 5], "rotation": 180, "texture": "#0"},
				"down": {"uv": [3, 5, 2.5, 8], "rotation": 180, "texture": "#0"}
			}
		},
		{
			"name": "frame5",
			"from": [10.0001, 6.4999, 13.0001],
			"to": [11.0001, 7.4999, 15.0001],
			"rotation": {"angle": -22.5, "axis": "y", "origin": [11.0001, 5.4999, 13.0001]},
			"faces": {
				"north": {"uv": [10, 0, 10.5, 0.5], "texture": "#0"},
				"east": {"uv": [9, 7.5, 10, 8], "texture": "#0"},
				"south": {"uv": [0, 10, 0.5, 10.5], "texture": "#0"},
				"west": {"uv": [7, 9, 8, 9.5], "texture": "#0"},
				"up": {"uv": [8.5, 10, 8, 9], "rotation": 180, "texture": "#0"},
				"down": {"uv": [9.5, 8, 9, 9], "rotation": 180, "texture": "#0"}
			}
		},
		{
			"name": "frame3",
			"from": [9.9999, 6.4999, 6.9999],
			"to": [11.0001, 7.5001, 13.0001],
			"rotation": {"angle": 0, "axis": "y", "origin": [11, 5.5, 7]},
			"faces": {
				"north": {"uv": [10, 0.5, 10.5, 1], "texture": "#0"},
				"east": {"uv": [5, 4.5, 8, 5], "texture": "#0"},
				"south": {"uv": [0.5, 10, 1, 10.5], "texture": "#0"},
				"west": {"uv": [5, 4, 8, 4.5], "texture": "#0"},
				"up": {"uv": [3.5, 8, 3, 5], "rotation": 180, "texture": "#0"},
				"down": {"uv": [4, 5, 3.5, 8], "rotation": 180, "texture": "#0"}
			}
		},
		{
			"name": "frame8",
			"from": [4.92378, 6.5001, 12.61742],
			"to": [5.92378, 7.5001, 14.61742],
			"rotation": {"angle": 22.5, "axis": "y", "origin": [5.92378, 5.5001, 12.61742]},
			"faces": {
				"north": {"uv": [10, 1, 10.5, 1.5], "texture": "#0"},
				"east": {"uv": [0, 9.5, 1, 10], "texture": "#0"},
				"south": {"uv": [1, 10, 1.5, 10.5], "texture": "#0"},
				"west": {"uv": [8.5, 9, 9.5, 9.5], "texture": "#0"},
				"up": {"uv": [10, 2.5, 9.5, 1.5], "rotation": 180, "texture": "#0"},
				"down": {"uv": [10, 2.5, 9.5, 3.5], "rotation": 180, "texture": "#0"}
			}
		},
		{
			"name": "frame9",
			"from": [9.23473, 6.4999, 5.15214],
			"to": [10.23473, 7.4999, 7.15214],
			"rotation": {"angle": 22.5, "axis": "y", "origin": [10.23473, 5.4999, 5.15214]},
			"faces": {
				"north": {"uv": [10, 1.5, 10.5, 2], "texture": "#0"},
				"east": {"uv": [4, 9.5, 5, 10], "texture": "#0"},
				"south": {"uv": [1.5, 10, 2, 10.5], "texture": "#0"},
				"west": {"uv": [9.5, 3.5, 10.5, 4], "texture": "#0"},
				"up": {"uv": [5.5, 10.5, 5, 9.5], "rotation": 180, "texture": "#0"},
				"down": {"uv": [10, 5, 9.5, 6], "rotation": 180, "texture": "#0"}
			}
		},
		{
			"name": "frame12",
			"from": [5.68915, 6.4999, 5.53482],
			"to": [6.68915, 7.4999, 7.53482],
			"rotation": {"angle": -22.5, "axis": "y", "origin": [6.68915, 5.4999, 5.53482]},
			"faces": {
				"north": {"uv": [10, 2, 10.5, 2.5], "texture": "#0"},
				"east": {"uv": [5.5, 9.5, 6.5, 10], "texture": "#0"},
				"south": {"uv": [2, 10, 2.5, 10.5], "texture": "#0"},
				"west": {"uv": [9.5, 4, 10.5, 4.5], "texture": "#0"},
				"up": {"uv": [10, 7, 9.5, 6], "rotation": 180, "texture": "#0"},
				"down": {"uv": [7, 9.5, 6.5, 10.5], "rotation": 180, "texture": "#0"}
			}
		}
	],
	"display": {
		"thirdperson_righthand": {
			"translation": [0.25, 4.75, -2.25]
		},
		"thirdperson_lefthand": {
			"translation": [0.25, 4.75, -2.25]
		},
		"firstperson_righthand": {
			"translation": [7, 4, 0]
		},
		"firstperson_lefthand": {
			"translation": [7, 4, 0]
		},
		"gui": {
			"rotation": [30, 125, 0],
			"translation": [-0.5, 2, 0]
		}
	},
	"groups": [
		{
			"name": "handle",
			"origin": [8, 8, 8],
			"color": 0,
			"children": [0, 1, 2, 3, 4, 5]
		},
		{
			"name": "body",
			"origin": [8, 8, 8],
			"color": 0,
			"children": [6, 7, 8, 9, 10, 11, 12, 13, 14, 15]
		},
		{
			"name": "detail",
			"origin": [5, 6.5, 13],
			"color": 0,
			"children": [16, 17, 18, 19, 20, 21]
		}
	]
}
